instance,balance-hard,balance-soft,ncls,nhard_len_stats.ave,nhard_len_stats.max,nhard_len_stats.min,nhard_len_stats.stddev,nhards,nsoft_len_stats.ave,nsoft_len_stats.max,nsoft_len_stats.min,nsoft_len_stats.stddev,nsoft_wts,nsofts,nvars,soft_wt_stats.ave,soft_wt_stats.max,soft_wt_stats.min,soft_wt_stats.stddev
hs-timetabling/GreeceWesternGreeceUniversityInstance4.xml.wcnf.gz,0.777305418,0.976789168,557113,2.4,36,1,1.52,553566,1.02,7,1,0.35,1,3547,69783,1,1,1,0
xai-mindset2/ecoli.wcnf.gz,0.332971223,1,317298,5.48,358,1,34.44,310872,1,1,1,0,1,6426,37653,1,1,1,0
xai-mindset2/heart-h.wcnf.gz,0.508062518,1,358943,3.71,331,1,23.1,354983,1,1,1,0,1,3960,26903,1,1,1,0
xai-mindset2/cleveland.wcnf.gz,0.336744236,1,334728,5.4,397,1,35.87,327600,1,1,1,0,1,7128,41362,1,1,1,0
xai-mindset2/liver-disorder.wcnf.gz,0.506967969,1,404657,3.74,329,1,23.3,400721,1,1,1,0,1,3936,27115,1,1,1,0
xai-mindset2/bupa.wcnf.gz,0.506967969,1,404657,3.74,329,1,23.3,400721,1,1,1,0,1,3936,27115,1,1,1,0
xai-mindset2/postoperative-patient-data.wcnf.gz,0.522265328,1,31470,3.09,23,1,4.16,30678,1,1,1,0,1,792,6412,1,1,1,0
xai-mindset2/cleveland-nominal.wcnf.gz,0.387923279,1,64560,3.88,18,1,4.72,62792,1,1,1,0,1,1768,11577,1,1,1,0
xai-mindset2/colic.wcnf.gz,0.514809559,1,642276,3.69,416,1,25.89,636466,1,1,1,0,1,5810,40724,1,1,1,0
xai-mindset2/australian.wcnf.gz,0.503247665,1,1743032,3.88,1164,1,46.34,1733728,1,1,1,0,1,9304,57004,1,1,1,0
xai-mindset2/diabetes.wcnf.gz,0.502927854,1,2075314,3.89,1255,1,48.3,2065282,1,1,1,0,1,10032,61620,1,1,1,0
xai-mindset2/heart-statlog.wcnf.gz,0.507643757,1,251072,3.73,382,1,25.03,248024,1,1,1,0,1,3048,18664,1,1,1,0
xai-mindset2/hepatitis.wcnf.gz,0.512739381,1,154379,3.58,362,1,23.02,151491,1,1,1,0,1,2888,17490,1,1,1,0
xai-mindset2/shuttleM.wcnf.gz,0.469001726,1,22324591,4.24,692,1,39.23,22317681,1,1,1,0,1,6910,76107,1,1,1,0
xai-mindset2/hungarian.wcnf.gz,0.508062518,1,358943,3.71,331,1,23.1,354983,1,1,1,0,1,3960,26903,1,1,1,0
SeanSafarpour/rsdecoder4.dimacs.filtered.wcnf.gz,0,0.507818197,933978,0,0,0,0,0,2.74,4,1,0.46,1,933978,237783,1,1,1,0
SeanSafarpour/SM_AS_TOP_buggy1.dimacs.filtered.wcnf.gz,0,0.497068223,694438,0,0,0,0,0,2.76,4,1,0.44,1,694438,145899,1,1,1,0
SeanSafarpour/rsdecoder-problem.dimacs_38.filtered.wcnf.gz,0,0.50543157,3865513,0,0,0,0,0,2.57,4,1,0.5,1,3865513,1198007,1,1,1,0
SeanSafarpour/mem_ctrl-problem.dimacs_27.filtered.wcnf.gz,0,0.491412823,15983633,0,0,0,0,0,2.6,4,1,0.49,1,15983633,4426259,1,1,1,0
SeanSafarpour/wb_4m8s4.dimacs.filtered.wcnf.gz,0,0.499984037,1759150,0,0,0,0,0,2.71,3,1,0.48,1,1759150,462440,1,1,1,0
SeanSafarpour/SM_MAIN_MEM_buggy1.dimacs.filtered.wcnf.gz,0,0.496944328,3812147,0,0,0,0,0,2.74,4,1,0.45,1,3812147,870975,1,1,1,0
SeanSafarpour/wb_4m8s-problem.dimacs_47.filtered.wcnf.gz,0,0.499955113,8517027,0,0,0,0,0,2.55,3,1,0.51,1,8517027,2691008,1,1,1,0
SeanSafarpour/rsdecoder6.dimacs.filtered.wcnf.gz,0,0.507799632,936006,0,0,0,0,0,2.74,4,1,0.46,1,936006,238290,1,1,1,0
SeanSafarpour/rsdecoder1_blackbox_KESblock-problem.dimacs_30.filtered.wcnf.gz,0,0.500812411,1106376,0,0,0,0,0,2.57,4,1,0.51,1,1106376,339892,1,1,1,0
SeanSafarpour/rsdecoder-problem.dimacs_41.filtered.wcnf.gz,0,0.505432309,3829036,0,0,0,0,0,2.57,4,1,0.5,1,3829036,1186705,1,1,1,0
SeanSafarpour/spi2.dimacs.filtered.wcnf.gz,0,0.502459885,515813,0,0,0,0,0,2.71,4,1,0.47,1,515813,124251,1,1,1,0
SeanSafarpour/wb_4m8s1.dimacs.filtered.wcnf.gz,0,0.499984037,1759150,0,0,0,0,0,2.71,3,1,0.48,1,1759150,463080,1,1,1,0
SeanSafarpour/wb_4m8s-problem.dimacs_49.filtered.wcnf.gz,0,0.499956219,8812799,0,0,0,0,0,2.55,3,1,0.51,1,8812799,2781876,1,1,1,0
causal-discovery/causal_n7_i4_N500_uai14_constant_int.wcnf.gz,0.505193334,0.263392857,145910,2.44,6,1,0.91,145238,1,1,1,0,1,672,40290,1,1,1,0
causal-discovery/causal_n7_i6_N500_uai14_harddeps_int.wcnf.gz,0.5045365,1,145910,2.44,6,1,0.91,145700,1,1,1,0,1,210,40290,1,1,1,0
causal-discovery/causal_n7_i4_N1000_uai14_constant_int.wcnf.gz,0.505193334,0.263392857,145910,2.44,6,1,0.91,145238,1,1,1,0,1,672,40290,1,1,1,0
MaxSATQueriesinInterpretableClassifiers/MLIC_maxsat_benchmarks/tictactoe_train_0_CNF_2_1.wcnf.gz,0.468840136,1,7703,3.37,10,2,2.96,6788,1,1,1,0,1,915,1511,1,1,1,0
MaxSATQueriesinInterpretableClassifiers/MLIC_maxsat_benchmarks/wdbc_train_0_DNF_5_1.wcnf.gz,0.526802218,1,28396,3.55,28,2,6.1,27445,1,1,1,0,1,951,1901,1,1,1,0
MaxSATQueriesinInterpretableClassifiers/MLIC_maxsat_benchmarks/tictactoe_train_1_DNF_5_1.wcnf.gz,0.734901665,1,28384,2.52,10,2,1.88,27388,1,1,1,0,1,996,3811,1,1,1,0
MaxSATQueriesinInterpretableClassifiers/MLIC_maxsat_benchmarks/toms_train_1_DNF_2_1.wcnf.gz,0.482773049,1,1637797,4.03,97,2,13.73,1610617,1,1,1,0,1,27180,43514,1,1,1,0
MaxSATQueriesinInterpretableClassifiers/MLIC_maxsat_benchmarks/credit_train_1_CNF_4_1.wcnf.gz,0.844152951,1,1586298,2.3,19,2,2.11,1558859,1,1,1,0,1,27439,111547,1,1,1,0
MaxSATQueriesinInterpretableClassifiers/MLIC_maxsat_benchmarks/toms_test_0_DNF_2_1.wcnf.gz,0.48283827,1,183705,4.03,97,2,13.73,179066,1,1,1,0,1,4639,6455,1,1,1,0
MaxSATQueriesinInterpretableClassifiers/MLIC_maxsat_benchmarks/credit_train_0_DNF_3_1.wcnf.gz,0.345386614,1,418870,4.77,19,2,6.24,391541,1,1,1,0,1,27329,45245,1,1,1,0
MaxSATQueriesinInterpretableClassifiers/wcnf_gz/ionosphere_train_2_DNF_3_1.wcnf.gz,0.764303459,1,21286,2.55,34,2,4.08,20539,1,1,1,0,1,747,1353,1,1,1,0
MaxSATQueriesinInterpretableClassifiers/wcnf_gz/parkinsons_train_8_DNF_3_1.wcnf.gz,0.831092596,1,9373,2.34,23,2,2.53,9043,1,1,1,0,1,330,729,1,1,1,0
MaxSATQueriesinInterpretableClassifiers/wcnf_gz/compas_train_1_DNF_5_1.wcnf.gz,0.561174149,1,129704,2.96,8,2,2.16,123120,1,1,1,0,1,6584,21209,1,1,1,0
MaxSATQueriesinInterpretableClassifiers/wcnf_gz/heart_train_4_CNF_3_1.wcnf.gz,0.584237579,1,5025,3.01,12,2,2.94,4660,1,1,1,0,1,365,737,1,1,1,0
MaxSATQueriesinInterpretableClassifiers/wcnf_gz/adult_train_5_CNF_3_1.wcnf.gz,0.814749823,1,874084,2.33,13,2,1.74,844347,1,1,1,0,1,29737,96481,1,1,1,0
MaxSATQueriesinInterpretableClassifiers/wcnf_gz/credit_train_1_CNF_5_1.wcnf.gz,0.845143827,1,1970866,2.3,19,2,2.13,1943317,1,1,1,0,1,27549,132684,1,1,1,0
MaxSATQueriesinInterpretableClassifiers/wcnf_gz/tictactoe_train_3_CNF_2_1.wcnf.gz,0.469613019,1,7723,3.37,10,2,2.96,6807,1,1,1,0,1,916,1514,1,1,1,0
MaxSATQueriesinInterpretableClassifiers/wcnf_gz/adult_train_4_CNF_3_1.wcnf.gz,0.814749823,1,874084,2.33,13,2,1.74,844347,1,1,1,0,1,29737,96481,1,1,1,0
des/cnf.19.p.9.wcnf.gz,0.623342842,1,584210,2.31,7,1,0.83,577210,1,1,1,0,1,7000,129190,1,1,1,0
des/cnf.20.p.4.wcnf.gz,0.623363218,1,443992,2.31,7,1,0.83,438672,1,1,1,0,1,5320,98194,1,1,1,0
des/cnf.18.p.6.wcnf.gz,0.623360576,1,477382,2.31,7,1,0.83,471662,1,1,1,0,1,5720,105574,1,1,1,0
des/cnf.20.p.10.wcnf.gz,0.62334122,1,644312,2.31,7,1,0.83,636592,1,1,1,0,1,7720,142474,1,1,1,0
des/cnf.16.p.8.wcnf.gz,0.623354056,1,470694,2.31,7,1,0.83,465054,1,1,1,0,1,5640,104098,1,1,1,0
des/cnf.17.p.10.wcnf.gz,0.623345214,1,514091,2.31,7,1,0.83,507931,1,1,1,0,1,6160,113692,1,1,1,0
des/cnf.19.p.7.wcnf.gz,0.623350817,1,530796,2.31,7,1,0.83,524436,1,1,1,0,1,6360,117382,1,1,1,0
des/cnf.14.p.10.wcnf.gz,0.623349607,1,420599,2.31,7,1,0.83,415559,1,1,1,0,1,5040,93028,1,1,1,0
des/cnf.19.p.10.wcnf.gz,0.623342359,1,600905,2.31,7,1,0.83,593705,1,1,1,0,1,7200,132880,1,1,1,0
des/cnf.20.p.9.wcnf.gz,0.623342743,1,587549,2.31,7,1,0.83,580509,1,1,1,0,1,7040,129928,1,1,1,0
des/cnf.17.p.9.wcnf.gz,0.623345343,1,510752,2.31,7,1,0.83,504632,1,1,1,0,1,6120,112954,1,1,1,0
des/cnf.20.p.8.wcnf.gz,0.623355171,1,564196,2.31,7,1,0.83,557436,1,1,1,0,1,6760,124762,1,1,1,0
aes-key-recovery/AES1-76-36.wcnf.gz,0.507464441,0,372403,5.48,8,2,1.3,372240,1,1,1,0,1,163,21368,1,1,1,0
aes-key-recovery/AES2-72-67.wcnf.gz,0.507464441,0,372421,5.48,8,2,1.3,372240,1,1,1,0,1,181,21368,1,1,1,0
aes-key-recovery/AES1-76-38.wcnf.gz,0.507464441,0,372398,5.48,8,2,1.3,372240,1,1,1,0,1,158,21368,1,1,1,0
aes-key-recovery/AES1-74-32.wcnf.gz,0.507464441,0,372422,5.48,8,2,1.3,372240,1,1,1,0,1,182,21368,1,1,1,0
aes-key-recovery/AES2-70-62.wcnf.gz,0.507464441,0,372428,5.48,8,2,1.3,372240,1,1,1,0,1,188,21368,1,1,1,0
set-covering/crafted/scpcyc/scpcyc06_maxsat.wcnf.gz,0,0.166666667,432,0,0,0,0,0,2.67,4,1,1.49,1,432,192,1,1,1,0
set-covering/crafted/scpcyc/scpcyc09_maxsat.wcnf.gz,0,0.111111111,6912,0,0,0,0,0,3,4,1,1.41,1,6912,2304,1,1,1,0
set-covering/crafted/scpcyc/scpcyc08_maxsat.wcnf.gz,0,0.125,2816,0,0,0,0,0,2.91,4,1,1.44,1,2816,1024,1,1,1,0
set-covering/crafted/scpcyc/scpcyc07_maxsat.wcnf.gz,0,0.142857143,1120,0,0,0,0,0,2.8,4,1,1.47,1,1120,448,1,1,1,0
set-covering/crafted/scpcyc/scpcyc10_maxsat.wcnf.gz,0,0.1,16640,0,0,0,0,0,3.08,4,1,1.38,1,16640,5120,1,1,1,0
set-covering/crafted/scpcyc/scpcyc11_maxsat.wcnf.gz,0,0.090909091,39424,0,0,0,0,0,3.14,4,1,1.36,1,39424,11264,1,1,1,0
set-covering/crafted/scpclr/scpclr11_maxsat.wcnf.gz,0,0.0078125,1353,0,0,0,0,0,31.22,210,1,32.86,1,1353,330,1,1,1,0
set-covering/crafted/scpclr/scpclr13_maxsat.wcnf.gz,0,0.001953125,4810,0,0,0,0,0,76.11,495,1,63.66,1,4810,715,1,1,1,0
set-covering/crafted/scpclr/scpclr12_maxsat.wcnf.gz,0,0.00390625,2542,0,0,0,0,0,49.85,330,1,46.82,1,2542,495,1,1,1,0
atcoss/sugar/atcoss_sugar_03.wcnf.gz,0.579946364,0,381897,3.38,11,1,1.4,381597,1,1,1,0,1,300,39860,1,1,1,0
atcoss/sugar/atcoss_sugar_02.wcnf.gz,0.574159496,0,377502,3.43,11,1,1.46,377202,1,1,1,0,1,300,40788,1,1,1,0
atcoss/sugar/atcoss_sugar_10.wcnf.gz,0.560263943,0,423878,3.41,11,1,1.4,423578,1,1,1,0,1,300,43861,1,1,1,0
atcoss/sugar/atcoss_sugar_18.wcnf.gz,0.522612575,0,823900,3.46,11,1,1.21,823600,1,1,1,0,1,300,53441,1,1,1,0
atcoss/sugar/atcoss_sugar_04.wcnf.gz,0.546781169,0,759090,3.77,11,1,1.46,758790,1,1,1,0,1,300,53119,1,1,1,0
atcoss/sugar/atcoss_sugar_05.wcnf.gz,0.547961905,0,755089,3.78,11,1,1.47,754789,1,1,1,0,1,300,53465,1,1,1,0
atcoss/sugar/atcoss_sugar_15.wcnf.gz,0.541762979,0,744265,3.61,11,1,1.39,743965,1,1,1,0,1,300,55429,1,1,1,0
atcoss/mesat/atcoss_mesat_05.wcnf.gz,0.562569832,0,1463573,3.27,4,1,1,1463272,1,1,1,0,1,301,450157,1,1,1,0
atcoss/mesat/atcoss_mesat_15.wcnf.gz,0.564756751,0,1600427,3.31,4,1,0.98,1600126,1,1,1,0,1,301,465243,1,1,1,0
atcoss/mesat/atcoss_mesat_04.wcnf.gz,0.56344824,0,1515125,3.29,4,1,0.99,1514824,1,1,1,0,1,301,450890,1,1,1,0
atcoss/mesat/atcoss_mesat_18.wcnf.gz,0.555144395,0,1605464,3.46,4,1,0.91,1605163,1,1,1,0,1,301,366276,1,1,1,0
atcoss/mesat/atcoss_mesat_10.wcnf.gz,0.567198872,0,1078680,3.25,4,1,1,1078379,1,1,1,0,1,301,333864,1,1,1,0
atcoss/mesat/atcoss_mesat_02.wcnf.gz,0.566679934,0,1021283,3.23,4,1,1.01,1020982,1,1,1,0,1,301,322127,1,1,1,0
atcoss/mesat/atcoss_mesat_03.wcnf.gz,0.565576978,0,969655,3.2,4,1,1.02,969354,1,1,1,0,1,301,321140,1,1,1,0
scheduling/cnf_12.wcnf.gz,0.500247287,1,1171279,2.53,265,1,2.11,1169238,1,1,1,0,1,2041,289958,1,1,1,0
scheduling/cnf_10_center.wcnf.gz,0.500296786,0.698917887,703588,2.5,217,1,1.89,702017,1,1,1,0,1,1571,182404,1,1,1,0
scheduling/cnf_small.wcnf.gz,0.502659574,0.632958801,47065,2.52,25,2,1.7,46798,1,1,1,0,1,267,12617,1,1,1,0
scheduling/cnf_10.wcnf.gz,0.499967046,1,1057939,2.53,217,1,2.07,1056214,1,1,1,0,1,1725,259443,1,1,1,0
scheduling/cnf_12_center.wcnf.gz,0.50083772,0.658465144,768788,2.51,265,1,2.01,767081,1,1,1,0,1,1707,201204,1,1,1,0
gen-hyper-tw/GenHyperTW_dubois28.wcnf.gz,0.534013306,1,1206698,3.29,9,2,1.71,1206528,1,1,1,0,1,170,506480,1,1,1,0
gen-hyper-tw/GenHyperTW_flat30-99.wcnf.gz,0.542774471,1,2191665,2.96,10,2,1.5,2191365,1,1,1,0,1,300,1119405,1,1,1,0
gen-hyper-tw/GenHyperTW_grid3d_5.wcnf.gz,0.525062111,1,333323,3.62,8,2,1.8,333261,1,1,1,0,1,62,100988,1,1,1,0
gen-hyper-tw/GenHyperTW_dubois30.wcnf.gz,0.532850276,1,1398367,3.34,9,2,1.74,1398189,1,1,1,0,1,178,573523,1,1,1,0
gen-hyper-tw/GenHyperTW_dubois20.wcnf.gz,0.533864223,1,473784,3.22,9,2,1.65,473664,1,1,1,0,1,120,203310,1,1,1,0
gen-hyper-tw/GenHyperTW_flat30-1.wcnf.gz,0.542724269,1,2191665,2.96,10,2,1.5,2191365,1,1,1,0,1,300,1119405,1,1,1,0
gen-hyper-tw/GenHyperTW_dubois23.wcnf.gz,0.536560443,1,776800,3.17,9,2,1.65,776658,1,1,1,0,1,142,342244,1,1,1,0
gen-hyper-tw/GenHyperTW_uf20-01.wcnf.gz,0.5476499,1,75592,2.47,20,2,1.16,75501,1,1,1,0,1,91,46941,1,1,1,0
gen-hyper-tw/GenHyperTW_uf20-050.wcnf.gz,0.547593646,1,75405,2.46,23,2,1.15,75314,1,1,1,0,1,91,46941,1,1,1,0
gen-hyper-tw/GenHyperTW_2bitcomp_5.wcnf.gz,0.54203989,1,2413400,2.98,17,2,1.52,2413090,1,1,1,0,1,310,1225430,1,1,1,0
gen-hyper-tw/GenHyperTW_b01.wcnf.gz,0.531597907,1,170612,3.45,8,1,1.74,170567,1,1,1,0,1,45,55117,1,1,1,0
gen-hyper-tw/GenHyperTW_par8-5-c.wcnf.gz,0.540572937,1,1251595,3,48,2,1.63,1251354,1,1,1,0,1,241,615316,1,1,1,0
gen-hyper-tw/GenHyperTW_aim-50-1_6-no-3.wcnf.gz,0.534488124,1,263926,3.19,8,2,1.62,263850,1,1,1,0,1,76,109701,1,1,1,0
gen-hyper-tw/GenHyperTW_par8-4-c.wcnf.gz,0.541070567,1,945418,2.96,33,2,1.58,945213,1,1,1,0,1,205,470143,1,1,1,0
gen-hyper-tw/GenHyperTW_aim-50-2_0-no-3.wcnf.gz,0.536935232,1,302722,3.06,8,2,1.55,302624,1,1,1,0,1,98,137473,1,1,1,0
gen-hyper-tw/GenHyperTW_par8-2-c.wcnf.gz,0.540858235,1,968875,2.98,30,2,1.59,968669,1,1,1,0,1,206,479096,1,1,1,0
gen-hyper-tw/GenHyperTW_grid4d_3.wcnf.gz,0.529592062,1,118649,3.25,9,2,1.67,118609,1,1,1,0,1,40,42065,1,1,1,0
gen-hyper-tw/GenHyperTW_dubois24.wcnf.gz,0.536247473,1,865765,3.18,9,2,1.66,865614,1,1,1,0,1,151,380347,1,1,1,0
railway-transport/pesp_18Min.wcnf.gz,0.38775343,1,2607209,3.95,5,1,0.71,2595539,1,1,1,0,1,11670,41287,1,1,1,0
railway-transport/d4.wcnf.gz,0.390935798,1,13856421,3.84,5,2,0.64,13806021,1,1,1,0,1,50400,307678,1,1,1,0
railway-transport/we.wcnf.gz,0.415176643,1,6957547,3.72,5,2,0.65,6939377,1,1,1,0,1,18170,280446,1,1,1,0
railway-transport/pesp_5min.wcnf.gz,0.399528471,1,1254411,3.83,5,1,0.72,1249995,1,1,1,0,1,4416,34756,1,1,1,0
optic/gen_square_5_9999.wcnf.gz,0,1,78625,83.38,235,1,37.34,76883,1,1,1,0,1,1742,1742,1,1,1,0
optic/gen_mult_3_6_9999.wcnf.gz,0,1,12419,34.49,109,1,15.88,11375,1,1,1,0,1,1044,1044,1,1,1,0
optic/gen_mult_5_5_991.wcnf.gz,0,1,24960,54.01,185,1,24.2,10704,1,1,1,0,1,14256,14256,1,1,1,0
optic/gen_mult_4_6_9999.wcnf.gz,0,1,171411,74.5,322,1,43.81,159850,1,1,1,0,1,11561,11561,1,1,1,0
optic/gen_mult_4_7_991.wcnf.gz,0,1,32903,188.34,643,1,74.46,12609,1,1,1,0,1,20294,20294,1,1,1,0
optic/gen_add_4_carry_33.wcnf.gz,0,1,35833,12.18,39,1,7.58,35157,1,1,1,0,1,676,676,1,1,1,0
optic/gen_mult_5_5_399.wcnf.gz,0,1,117841,30.25,171,1,24.9,103585,1,1,1,0,1,14256,14256,1,1,1,0
optic/gen_mult_4_5_33.wcnf.gz,0,1,63561,43.19,190,1,27.95,58807,1,1,1,0,1,4754,4754,1,1,1,0
optic/gen_cvc-add7to3_9999.wcnf.gz,0,1,10957,16.15,35,1,5.53,9737,1,1,1,0,1,1220,1220,1,1,1,0
optic/gen_mult_4_6_991.wcnf.gz,0,1,17883,105.15,316,1,43.8,6322,1,1,1,0,1,11561,11561,1,1,1,0
optic/gen_mult_4_5_399.wcnf.gz,0,1,42841,29.58,176,1,22.54,38087,1,1,1,0,1,4754,4754,1,1,1,0
optic/gen_mult_3_5_9999.wcnf.gz,0,1,6869,24.61,75,1,10.26,6101,1,1,1,0,1,768,768,1,1,1,0
optic/gen_add_6_carry_991.wcnf.gz,0,1,142765,34.59,127,1,16.81,136281,1,1,1,0,1,6484,6484,1,1,1,0
optic/gen_mult_4_5_9999.wcnf.gz,0,1,34276,39.03,176,1,19.84,29522,1,1,1,0,1,4754,4754,1,1,1,0
optic/gen_mult_5_5_9999.wcnf.gz,0,1,99731,40.81,171,1,21.99,85475,1,1,1,0,1,14256,14256,1,1,1,0
optic/gen_mult_4_5_991.wcnf.gz,0,1,7643,46.46,176,1,21.28,2889,1,1,1,0,1,4754,4754,1,1,1,0
extension-enforcement/extension-enforcement_non-strict_stb_200_0.05_4_10_2.wcnf.gz,0.639719626,0.95085213,188290,2.74,201,2,7.12,148390,1,1,1,0,1,39900,76190,1,1,1,0
extension-enforcement/extension-enforcement_non-strict_stb_200_0.05_2_10_2.wcnf.gz,0.639719626,0.948345865,188290,2.74,201,2,7.12,148390,1,1,1,0,1,39900,76190,1,1,1,0
extension-enforcement/extension-enforcement_non-strict_stb_200_0.05_4_10_3.wcnf.gz,0.639719626,0.950952381,188290,2.74,201,2,7.12,148390,1,1,1,0,1,39900,76190,1,1,1,0
extension-enforcement/extension-enforcement_non-strict_stb_150_0.05_2_8_3.wcnf.gz,0.639825218,0.949812801,105506,2.74,151,2,6.16,83070,1,1,1,0,1,22436,42742,1,1,1,0
extension-enforcement/extension-enforcement_non-strict_stb_200_0.05_4_10_1.wcnf.gz,0.639719626,0.950977444,188290,2.74,201,2,7.12,148390,1,1,1,0,1,39900,76190,1,1,1,0
extension-enforcement/extension-enforcement_non-strict_stb_200_0.05_3_10_1.wcnf.gz,0.639719626,0.951002506,188290,2.74,201,2,7.12,148390,1,1,1,0,1,39900,76190,1,1,1,0
extension-enforcement/extension-enforcement_non-strict_stb_200_0.05_3_10_0.wcnf.gz,0.639719626,0.951002506,188290,2.74,201,2,7.12,148390,1,1,1,0,1,39900,76190,1,1,1,0
extension-enforcement/extension-enforcement_non-strict_stb_200_0.05_1_10_0.wcnf.gz,0.639719626,0.950401003,188290,2.74,201,2,7.12,148390,1,1,1,0,1,39900,76190,1,1,1,0
extension-enforcement/extension-enforcement_non-strict_stb_200_0.05_4_10_4.wcnf.gz,0.639719626,0.950827068,188290,2.74,201,2,7.12,148390,1,1,1,0,1,39900,76190,1,1,1,0
extension-enforcement/extension-enforcement_non-strict_stb_150_0.05_2_8_4.wcnf.gz,0.639825218,0.949857372,105506,2.74,151,2,6.16,83070,1,1,1,0,1,22436,42742,1,1,1,0
extension-enforcement/extension-enforcement_non-strict_stb_200_0.05_3_10_4.wcnf.gz,0.639719626,0.951052632,188290,2.74,201,2,7.12,148390,1,1,1,0,1,39900,76190,1,1,1,0
extension-enforcement/extension-enforcement_non-strict_stb_200_0.05_1_10_1.wcnf.gz,0.639719626,0.950401003,188290,2.74,201,2,7.12,148390,1,1,1,0,1,39900,76190,1,1,1,0
extension-enforcement/extension-enforcement_non-strict_stb_200_0.1_2_10_1.wcnf.gz,0.639719626,0.899674185,188290,2.74,201,2,7.12,148390,1,1,1,0,1,39900,76190,1,1,1,0
extension-enforcement/extension-enforcement_non-strict_stb_200_0.05_1_10_2.wcnf.gz,0.639719626,0.950350877,188290,2.74,201,2,7.12,148390,1,1,1,0,1,39900,76190,1,1,1,0
extension-enforcement/extension-enforcement_non-strict_stb_150_0.1_2_8_2.wcnf.gz,0.639825218,0.899848458,105506,2.74,151,2,6.16,83070,1,1,1,0,1,22436,42742,1,1,1,0
close_solutions/SAT04__industrial__velev__pipe-sat-1-1__12pipe_bug6_q0.used-as.sat04-725.cnf.wcnf.3.wcnf.gz,0.64974019,0.968197702,4810148,2.97,352,1,8.79,4671353,1,1,1,0,1,138795,138795,1,1,1,0
close_solutions/SAT11__application__manthey__traffic__traffic_3_uc_sat.cnf.wcnf.8.wcnf.gz,0.500013271,0.529587567,1454558,3.47,4,2,0.74,1312353,1,1,1,0,1,142205,142205,1,1,1,0
close_solutions/SAT11__application__jarvisalo__smtqfbv-aigs__smtlib-qfbv-aigs-bin_libsmbsharemodes_vc5759-tseitin.cnf.wcnf.9.wcnf.gz,0.571426693,0.657200257,621109,2.33,5,1,0.47,456351,1,1,1,0,1,164758,164758,1,1,1,0
close_solutions/SAT04__industrial__velev__pipe-sat-1-1__12pipe_bug4_q0.used-as.sat04-723.cnf.wcnf.1.wcnf.gz,0.649796545,0.895881296,4813604,2.97,352,1,8.83,4675041,1,1,1,0,1,138563,138563,1,1,1,0
close_solutions/SAT11__application__rintanen__SATPlanning__blocks-blocks-36-0.170-NOTKNOWN.cnf.wcnf.6.wcnf.gz,0.816703255,0.986288385,13130756,2.18,1334,1,7.41,12437621,1,1,1,0,1,693135,693135,1,1,1,0
close_solutions/SAT04__industrial__velev__pipe-sat-1-1__12pipe_bug4_q0.used-as.sat04-723.cnf.wcnf.8.wcnf.gz,0.649796333,0.895881296,4813604,2.97,352,1,8.83,4675041,1,1,1,0,1,138563,138563,1,1,1,0
close_solutions/SAT11__application__manthey__traffic__traffic_3_uc_sat.cnf.wcnf.9.wcnf.gz,0.50001338,0.529587567,1454558,3.47,4,2,0.74,1312353,1,1,1,0,1,142205,142205,1,1,1,0
close_solutions/SAT11__application__fuhs__AProVE11__AProVE11-09.cnf.wcnf.3.wcnf.gz,0.508990194,0.621672313,303473,2.6,383,1,1.01,234694,1,1,1,0,1,68779,68779,1,1,1,0
close_solutions/SAT11__application__fuhs__AProVE11__AProVE11-09.cnf.wcnf.2.wcnf.gz,0.508989419,0.621672313,303473,2.6,383,1,1.01,234694,1,1,1,0,1,68779,68779,1,1,1,0
close_solutions/SAT04__industrial__velev__pipe-sat-1-1__12pipe_bug6_q0.used-as.sat04-725.cnf.wcnf.10.wcnf.gz,0.649740143,0.968197702,4810148,2.97,352,1,8.79,4671353,1,1,1,0,1,138795,138795,1,1,1,0
close_solutions/SAT11__application__manthey__traffic__traffic_r_sat.cnf.wcnf.4.wcnf.gz,0.500003661,0.687636213,3461318,3.82,5,2,0.48,3362667,1,1,1,0,1,98651,98651,1,1,1,0
close_solutions/SAT04__industrial__velev__pipe-sat-1-1__12pipe_bug6_q0.used-as.sat04-725.cnf.wcnf.7.wcnf.gz,0.649740143,0.968197702,4810148,2.97,352,1,8.79,4671353,1,1,1,0,1,138795,138795,1,1,1,0
close_solutions/SAT11__application__fuhs__AProVE11__AProVE11-09.cnf.wcnf.4.wcnf.gz,0.50898939,0.621672313,303473,2.6,383,1,1.01,234694,1,1,1,0,1,68779,68779,1,1,1,0
close_solutions/SAT11__application__fuhs__AProVE11__AProVE11-10.cnf.wcnf.3.wcnf.gz,0.502723075,0.508091006,1298432,2.63,348,1,0.67,1008604,1,1,1,0,1,289828,289828,1,1,1,0
treewidth-computation/TWComp_queen5_5_N25.wcnf.gz,0.575035623,0,38856,3.16,26,2,0.93,38832,1,1,1,0,1,24,7274,1,1,1,0
treewidth-computation/TWComp_queen6_6_N36.wcnf.gz,0.57413929,0,114280,3.21,37,2,0.93,114245,1,1,1,0,1,35,18629,1,1,1,0
treewidth-computation/TWComp_1c75_N69.wcnf.gz,0.573090316,0,768235,3.29,70,2,0.92,768167,1,1,1,0,1,68,91700,1,1,1,0
treewidth-computation/TWComp_queen7_7_N49.wcnf.gz,0.573551063,0,281536,3.25,50,2,0.93,281488,1,1,1,0,1,48,39542,1,1,1,0
treewidth-computation/TWComp_1dp_N76.wcnf.gz,0.572962924,0,1023459,3.3,77,2,0.92,1023384,1,1,1,0,1,75,118369,1,1,1,0
treewidth-computation/TWComp_myciel5_N47.wcnf.gz,0.573914718,0,249849,3.24,48,2,0.93,249803,1,1,1,0,1,46,36283,1,1,1,0
treewidth-computation/TWComp_1dj7_N73.wcnf.gz,0.57301172,0,907399,3.29,74,2,0.92,907327,1,1,1,0,1,72,105922,1,1,1,0
treewidth-computation/TWComp_eil51.tsp_N51.wcnf.gz,0.573887936,0,316999,3.25,52,2,0.93,316949,1,1,1,0,1,50,44165,1,1,1,0
fault-diagnosis/s38584_nan_explicit_14_0.wcnf.gz,0.385048436,0,1005071,2.71,324,1,6.81,955301,1,1,1,0,1,49770,146219,1,1,1,0
fault-diagnosis/s38584_nan_explicit_6_0.wcnf.gz,0.38572938,0,1013945,2.7,316,1,5.62,964175,1,1,1,0,1,49770,148746,1,1,1,0
fault-diagnosis/s38584_nan_explicit_7_0.wcnf.gz,0.387354712,0,1002251,2.7,316,1,5.37,952481,1,1,1,0,1,49770,150217,1,1,1,0
fault-diagnosis/s38584_nan_explicit_2_0.wcnf.gz,0.382419501,0,1164810,2.73,316,1,5.48,1115040,1,1,1,0,1,49770,155804,1,1,1,0
fault-diagnosis/s38584_nan_explicit_10_0.wcnf.gz,0.377444619,0,1409385,2.76,1276,1,19.78,1359615,1,1,1,0,1,49770,169465,1,1,1,0
fault-diagnosis/s38584_nan_explicit_9_0.wcnf.gz,0.388458629,0,960209,2.69,316,1,5.61,910439,1,1,1,0,1,49770,147615,1,1,1,0
fault-diagnosis/s38584_nan_explicit_5_0.wcnf.gz,0.385478785,0,1111264,2.72,326,1,6.83,1061494,1,1,1,0,1,49770,157161,1,1,1,0
fault-diagnosis/s38584_nan_explicit_8_0.wcnf.gz,0.384123293,0,1067725,2.71,350,1,6.93,1017955,1,1,1,0,1,49770,150835,1,1,1,0
maxclique/structured/p_hat1000-1.clq.wcnf.gz,0,1,378247,2,2,2,0,377247,1,1,1,0,1,1000,1000,1,1,1,0
maxclique/structured/sanr400_0.7.clq.wcnf.gz,0,1,24331,2,2,2,0,23931,1,1,1,0,1,400,400,1,1,1,0
maxclique/structured/brock200_1.clq.wcnf.gz,0,0.5,1132,0,0,0,0,0,2,2,2,0,1,1132,40,1,1,1,0
maxclique/structured/p_hat700-1.clq.wcnf.gz,0,1,184351,2,2,2,0,183651,1,1,1,0,1,700,700,1,1,1,0
maxclique/structured/brock800_3.clq.wcnf.gz,0,1,113067,2,2,2,0,112267,1,1,1,0,1,800,800,1,1,1,0
maxclique/structured/MANN_a45.clq.wcnf.gz,0,1,3015,2,2,2,0,1980,1,1,1,0,1,1035,1035,1,1,1,0
maxclique/structured/brock400_2.clq.wcnf.gz,0,0.5,1188,0,0,0,0,0,2,2,2,0,1,1188,40,1,1,1,0
maxclique/structured/brock800_4.clq.wcnf.gz,0,1,112757,2,2,2,0,111957,1,1,1,0,1,800,800,1,1,1,0
maxclique/structured/p_hat700-3.clq.wcnf.gz,0,1,62340,2,2,2,0,61640,1,1,1,0,1,700,700,1,1,1,0
maxclique/structured/brock800_1.clq.wcnf.gz,0,0.5,1022,0,0,0,0,0,2,2,2,0,1,1022,40,1,1,1,0
maxclique/structured/hamming10-4.clq.wcnf.gz,0,1,90624,2,2,2,0,89600,1,1,1,0,1,1024,1024,1,1,1,0
maxclique/structured/MANN_a81.clq.wcnf.gz,0,1,9801,2,2,2,0,6480,1,1,1,0,1,3321,3321,1,1,1,0
maxclique/structured/sanr200_0.9.clq.wcnf.gz,0,1,2237,2,2,2,0,2037,1,1,1,0,1,200,200,1,1,1,0
maxclique/structured/brock400_3.clq.wcnf.gz,0,1,20519,2,2,2,0,20119,1,1,1,0,1,400,400,1,1,1,0
maxclique/structured/p_hat500-2.clq.wcnf.gz,0,1,62304,2,2,2,0,61804,1,1,1,0,1,500,500,1,1,1,0
maxclique/structured/sanr400_0.5.clq.wcnf.gz,0,1,40216,2,2,2,0,39816,1,1,1,0,1,400,400,1,1,1,0
maxclique/structured/p_hat1000-3.clq.wcnf.gz,0,1,128754,2,2,2,0,127754,1,1,1,0,1,1000,1000,1,1,1,0
mbd/b14_C-mbd14-0388.wcnf.gz,0.423412136,1,31219,2.47,7,1,0.69,29368,1,1,1,0,1,1851,11949,1,1,1,0
mbd/b14_C-mbd14-0277.wcnf.gz,0.423591128,1,31219,2.47,7,1,0.69,29368,1,1,1,0,1,1851,11949,1,1,1,0
mbd/b21_C-mbd14-0218.wcnf.gz,0.421447609,1,63673,2.47,7,1,0.69,60054,1,1,1,0,1,3619,24168,1,1,1,0
mbd/b14_C-mbd14-0310.wcnf.gz,0.423315755,1,31219,2.47,7,1,0.69,29368,1,1,1,0,1,1851,11949,1,1,1,0
mbd/b14_C-mbd14-0337.wcnf.gz,0.423701276,1,31219,2.47,7,1,0.69,29368,1,1,1,0,1,1851,11949,1,1,1,0
mbd/b21_C-mbd14-0322.wcnf.gz,0.421514915,1,63673,2.47,7,1,0.69,60054,1,1,1,0,1,3619,24168,1,1,1,0
uaq/uaq-ppr-nr200-nc66-n5-k2-rpp6-ppr8-plb100.wcnf.gz,0.47672933,1,4748,2.38,16,1,1.73,4598,1,1,1,0,1,150,2046,1,1,1,0
uaq/uaq-ppr-nr200-nc66-n5-k2-rpp4-ppr7-plb100.wcnf.gz,0.490262659,1,4433,2.34,18,1,1.58,4283,1,1,1,0,1,150,2046,1,1,1,0
uaq/uaq-plb-nr250-nc83-n5-k2-rpp3-ppr5-plb90.wcnf.gz,0.632776536,1,4281,1.87,11,1,1.21,4071,1,1,1,0,1,210,2050,1,1,1,0
uaq/uaq-ppr-nr200-nc66-n5-k2-rpp4-ppr12-plb100.wcnf.gz,0.456266625,1,5356,2.46,22,1,2.14,5206,1,1,1,0,1,150,2046,1,1,1,0
uaq/uaq-ppr-nr200-nc66-n5-k2-rpp6-ppr7-plb100.wcnf.gz,0.4804757,1,4655,2.37,16,1,1.66,4505,1,1,1,0,1,150,2046,1,1,1,0
uaq/uaq-ppr-nr200-nc66-n5-k2-rpp6-ppr6-plb100.wcnf.gz,0.484466673,1,4561,2.36,12,1,1.59,4411,1,1,1,0,1,150,2046,1,1,1,0
uaq/uaq-ppr-nr200-nc66-n5-k2-rpp4-ppr9-plb100.wcnf.gz,0.475522577,1,4779,2.39,18,1,1.81,4629,1,1,1,0,1,150,2046,1,1,1,0
uaq/uaq-ppr-nr200-nc66-n5-k2-rpp4-ppr14-plb100.wcnf.gz,0.445740039,1,5755,2.49,22,1,2.35,5605,1,1,1,0,1,150,2046,1,1,1,0
uaq/uaq-ppr-nr200-nc66-n5-k2-rpp6-ppr9-plb100.wcnf.gz,0.47165493,1,4882,2.4,17,1,1.82,4732,1,1,1,0,1,150,2046,1,1,1,0
uaq/uaq-ppr-nr200-nc66-n5-k2-rpp6-ppr5-plb100.wcnf.gz,0.487174466,1,4500,2.35,11,1,1.55,4350,1,1,1,0,1,150,2046,1,1,1,0
uaq/uaq-ppr-nr200-nc66-n5-k2-rpp6-ppr13-plb100.wcnf.gz,0.450544532,1,5564,2.48,21,1,2.25,5414,1,1,1,0,1,150,2046,1,1,1,0
uaq/uaq-ppr-nr200-nc66-n5-k2-rpp6-ppr14-plb100.wcnf.gz,0.445643628,1,5759,2.49,21,1,2.36,5609,1,1,1,0,1,150,2046,1,1,1,0
uaq/uaq-ppr-nr200-nc66-n5-k2-rpp6-ppr12-plb100.wcnf.gz,0.455950059,1,5367,2.46,20,1,2.13,5217,1,1,1,0,1,150,2046,1,1,1,0
uaq/uaq-ppr-nr200-nc66-n5-k2-rpp6-ppr10-plb100.wcnf.gz,0.466553624,1,5027,2.42,18,1,1.92,4877,1,1,1,0,1,150,2046,1,1,1,0
uaq/uaq-ppr-nr200-nc66-n5-k2-rpp6-ppr11-plb100.wcnf.gz,0.461187958,1,5192,2.44,20,1,2.02,5042,1,1,1,0,1,150,2046,1,1,1,0
bcp/fir/normalized-fir08_area_opers.wcnf.gz,0.528702051,1,570325,2.57,1023,1,5.46,469077,1,1,1,0,1,101248,203287,1,1,1,0
bcp/hipp-yRa1/simp/simp-ibd_50.08.wcnf.gz,0.299153877,1,45002,2.57,47,1,0.95,44904,1,1,1,0,1,98,2952,1,1,1,0
bcp/hipp-yRa1/su/SU3__simp-genos.haps.80.wcnf.gz,0.291916025,1,196214,2.56,71,1,0.77,196034,1,1,1,0,1,180,8107,1,1,1,0
bcp/hipp-yRa1/su/SU-100kb__simp-genos.haps.21.wcnf.gz,0.333666589,1,33402,2.59,85,1,2.6,33228,1,1,1,0,1,174,6460,1,1,1,0
bcp/syn/normalized-C499.b.wcnf.gz,0.017693737,1,24065,56.04,360,10,32.6,19026,1,1,1,0,1,5039,5039,1,1,1,0
bcp/msp/normalized-par32-5.wcnf.gz,0.18657659,1,19853,2.52,3,1,0.52,13501,1,1,1,0,1,6352,6352,1,1,1,0
bcp/msp/normalized-par32-4-c.wcnf.gz,0.145906305,1,9325,2.74,3,2,0.44,6659,1,1,1,0,1,2666,2666,1,1,1,0
bcp/msp/normalized-ii16a2.wcnf.gz,0.057045187,1,28087,2.26,16,2,1.78,24883,1,1,1,0,1,3204,3204,1,1,1,0
pseudoBoolean/garden/normalized-g100x100.opb.msat.wcnf.gz,0,1,20000,4.96,5,3,0.2,10000,1,1,1,0,1,10000,10000,1,1,1,0
pseudoBoolean/primes-dimacs-cnf/normalized-par32-3.opb.msat.wcnf.gz,0.213105348,1,17743,2.29,3,1,0.69,11391,1,1,1,0,1,6352,6352,1,1,1,0
pseudoBoolean/primes-dimacs-cnf/normalized-par32-2.opb.msat.wcnf.gz,0.214533405,1,17696,2.29,3,1,0.69,11344,1,1,1,0,1,6352,6352,1,1,1,0
pseudoBoolean/primes-dimacs-cnf/normalized-par32-1.opb.msat.wcnf.gz,0.213886977,1,17746,2.3,3,1,0.69,11394,1,1,1,0,1,6352,6352,1,1,1,0
pseudoBoolean/primes-dimacs-cnf/normalized-par32-5.opb.msat.wcnf.gz,0.212138552,1,17761,2.3,3,1,0.7,11409,1,1,1,0,1,6352,6352,1,1,1,0
pseudoBoolean/primes-dimacs-cnf/normalized-par32-4.opb.msat.wcnf.gz,0.212527708,1,17749,2.3,3,1,0.7,11397,1,1,1,0,1,6352,6352,1,1,1,0
ramsey/ram_k4_n20.ra0.wcnf.gz,0,0.5,9690,0,0,0,0,0,6,6,6,0,1,9690,190,1,1,1,0
ramsey/ram_k3_n17.ra0.wcnf.gz,0,0.875,3060,0,0,0,0,0,5.33,6,3,1.25,1,3060,136,1,1,1,0
ramsey/ram_k3_n20.ra0.wcnf.gz,0,0.894736842,5985,0,0,0,0,0,5.43,6,3,1.18,1,5985,190,1,1,1,0
ramsey/ram_k3_n12.ra0.wcnf.gz,0,0.818181818,715,0,0,0,0,0,5.08,6,3,1.38,1,715,66,1,1,1,0
ramsey/ram_k3_n11.ra0.wcnf.gz,0,0.8,495,0,0,0,0,0,5,6,3,1.41,1,495,55,1,1,1,0
ramsey/ram_k3_n18.ra0.wcnf.gz,0,0.882352941,3876,0,0,0,0,0,5.37,6,3,1.22,1,3876,153,1,1,1,0
ramsey/ram_k4_n18.ra0.wcnf.gz,0,0.5,6120,0,0,0,0,0,6,6,6,0,1,6120,153,1,1,1,0
ramsey/ram_k3_n14.ra0.wcnf.gz,0,0.846153846,1365,0,0,0,0,0,5.2,6,3,1.33,1,1365,91,1,1,1,0
ramsey/ram_k3_n13.ra0.wcnf.gz,0,0.833333333,1001,0,0,0,0,0,5.14,6,3,1.36,1,1001,78,1,1,1,0
ramsey/ram_k3_n16.ra0.wcnf.gz,0,0.866666667,2380,0,0,0,0,0,5.29,6,3,1.27,1,2380,120,1,1,1,0
ramsey/ram_k3_n15.ra0.wcnf.gz,0,0.857142857,1820,0,0,0,0,0,5.25,6,3,1.3,1,1820,105,1,1,1,0
ramsey/ram_k4_n19.ra0.wcnf.gz,0,0.5,7752,0,0,0,0,0,6,6,6,0,1,7752,171,1,1,1,0
ramsey/ram_k3_n19.ra0.wcnf.gz,0,0.888888889,4845,0,0,0,0,0,5.4,6,3,1.2,1,4845,171,1,1,1,0
ramsey/ram_k3_n10.ra0.wcnf.gz,0,0.777777778,330,0,0,0,0,0,4.91,6,3,1.44,1,330,45,1,1,1,0
maxcut/dimacs_mod/p_hat300-3.clq.wcnf.gz,0,0.5,1270,0,0,0,0,0,2,2,2,0,1,1270,43,1,1,1,0
maxcut/dimacs_mod/brock200_1.clq.wcnf.gz,0,1,5266,2,2,2,0,5066,1,1,1,0,1,200,200,1,1,1,0
maxcut/dimacs_mod/brock400_2.clq.wcnf.gz,0,1,20414,2,2,2,0,20014,1,1,1,0,1,400,400,1,1,1,0
maxcut/dimacs_mod/MANN_a27.clq.wcnf.gz,0,0.5,1690,0,0,0,0,0,2,2,2,0,1,1690,42,1,1,1,0
maxcut/dimacs_mod/san400_0.7_2.clq.wcnf.gz,0,0.5,1126,0,0,0,0,0,2,2,2,0,1,1126,40,1,1,1,0
maxcut/dimacs_mod/brock800_1.clq.wcnf.gz,0,1,112895,2,2,2,0,112095,1,1,1,0,1,800,800,1,1,1,0
maxcut/dimacs_mod/keller5.clq.wcnf.gz,0,0.5,1230,0,0,0,0,0,2,2,2,0,1,1230,41,1,1,1,0
maxcut/dimacs_mod/san200_0.7_1.clq.wcnf.gz,0,0.5,1116,0,0,0,0,0,2,2,2,0,1,1116,40,1,1,1,0
maxcut/dimacs_mod/hamming10-2.clq.wcnf.gz,0,0.5,1640,0,0,0,0,0,2,2,2,0,1,1640,41,1,1,1,0
maxcut/bipartite/maxcut-140-630-0.7-31.wcnf.gz,0,0.5,1260,0,0,0,0,0,2,2,2,0,1,1260,140,1,1,1,0
maxcut/bipartite/maxcut-140-630-0.8-7.wcnf.gz,0,0.5,1258,0,0,0,0,0,2,2,2,0,1,1258,140,1,1,1,0
maxcut/bipartite/maxcut-140-630-0.8-17.wcnf.gz,0,0.5,1258,0,0,0,0,0,2,2,2,0,1,1258,140,1,1,1,0
reversi/rev66-26.wcnf.gz,0.578086352,0.5,136176,2.55,47,1,2.42,136104,1,1,1,0,1,72,22562,1,1,1,0
reversi/rev66-18.wcnf.gz,0.578120067,0.5,94320,2.55,47,1,2.42,94248,1,1,1,0,1,72,15642,1,1,1,0
reversi/rev66-24.wcnf.gz,0.578092674,0.5,125712,2.55,47,1,2.42,125640,1,1,1,0,1,72,20832,1,1,1,0
reversi/rev66-12.wcnf.gz,0.578174841,0.5,62928,2.55,47,1,2.42,62856,1,1,1,0,1,72,10452,1,1,1,0
reversi/rev66-28.wcnf.gz,0.578080933,0.5,146640,2.55,47,1,2.42,146568,1,1,1,0,1,72,24292,1,1,1,0
reversi/rev66-30.wcnf.gz,0.578076237,0.5,157104,2.55,47,1,2.42,157032,1,1,1,0,1,72,26022,1,1,1,0
reversi/rev66-20.wcnf.gz,0.57810911,0.5,104784,2.55,47,1,2.42,104712,1,1,1,0,1,72,17372,1,1,1,0
reversi/rev66-16.wcnf.gz,0.578133762,0.5,83856,2.55,47,1,2.42,83784,1,1,1,0,1,72,13912,1,1,1,0
reversi/rev66-22.wcnf.gz,0.578100145,0.5,115248,2.55,47,1,2.42,115176,1,1,1,0,1,72,19102,1,1,1,0
reversi/rev66-32.wcnf.gz,0.578072127,0.5,167568,2.55,47,1,2.42,167496,1,1,1,0,1,72,27752,1,1,1,0
reversi/rev66-14.wcnf.gz,0.578151368,0.5,73392,2.55,47,1,2.42,73320,1,1,1,0,1,72,12182,1,1,1,0
min-fill/MinFill_R3_miles750.wcnf.gz,0.592573915,1,1149968,3.95,9,1,1.49,1144940,1,1,1,0,1,5028,113181,1,1,1,0
min-fill/MinFill_R0_queen11_11.wcnf.gz,0.587556834,1,1209120,3.97,9,1,1.49,1203840,1,1,1,0,1,5280,117007,1,1,1,0
min-fill/MinFill_R3_miles1000.wcnf.gz,0.597545532,1,1161776,3.87,9,1,1.52,1157254,1,1,1,0,1,4522,122896,1,1,1,0
min-fill/MinFill_R0_mulsol.i.2.wcnf.gz,0.590030557,1,3293213,4.08,10,1,1.51,3282220,1,1,1,0,1,10993,269188,1,1,1,0
min-fill/MinFill_R1_games120.wcnf.gz,0.588428102,1,968543,4.01,9,1,1.47,963522,1,1,1,0,1,5021,90752,1,1,1,0
min-fill/MinFill_R0_queen8_12.wcnf.gz,0.585225241,1,664848,3.82,9,1,1.53,661656,1,1,1,0,1,3192,73632,1,1,1,0
min-fill/MinFill_R0_queen9_9.wcnf.gz,0.583315754,1,431736,3.71,9,1,1.56,429552,1,1,1,0,1,2184,52407,1,1,1,0
min-fill/MinFill_R0_mulsol.i.5.wcnf.gz,0.589918288,1,3451298,4.1,10,1,1.5,3439871,1,1,1,0,1,11427,278608,1,1,1,0
min-fill/MinFill_R0_queen6_6.wcnf.gz,0.572334923,1,53140,3.3,8,1,1.47,52800,1,1,1,0,1,340,9036,1,1,1,0
min-fill/MinFill_R4_miles500.wcnf.gz,0.589612906,1,961622,3.97,9,1,1.48,956911,1,1,1,0,1,4711,93220,1,1,1,0
min-fill/MinFill_R0_miles1500.wcnf.gz,0.600185657,1,1019420,3.62,9,1,1.57,1016490,1,1,1,0,1,2930,130944,1,1,1,0
min-fill/MinFill_R0_myciel6.wcnf.gz,0.585928373,1,702230,3.91,9,1,1.51,698520,1,1,1,0,1,3710,72105,1,1,1,0
min-fill/MinFill_R0_queen7_7.wcnf.gz,0.576510384,1,110516,3.47,8,1,1.48,109816,1,1,1,0,1,700,16758,1,1,1,0
min-fill/MinFill_R0_queen8_8.wcnf.gz,0.580082807,1,212912,3.64,8,1,1.48,211624,1,1,1,0,1,1288,28608,1,1,1,0
min-fill/MinFill_R0_myciel7.wcnf.gz,0.591363467,1,4707140,4.22,10,1,1.43,4691355,1,1,1,0,1,15785,328138,1,1,1,0
logic-synthesis/normalized-test4.pi.opb.msat.wcnf.gz,0,1,7576,76.07,172,5,29.66,1437,1,1,1,0,1,6139,6139,1,1,1,0
aes/mul_8_11.wcnf.gz,0,1,80288,82.32,90,65,3.83,65280,1,1,1,0,1,15008,15008,1,1,1,0
aes/mul_8_13.wcnf.gz,0,1,80592,81.32,92,64,3.85,65280,1,1,1,0,1,15312,15312,1,1,1,0
aes/mul_8_9.wcnf.gz,0,1,73120,54.71,64,34,3.96,65280,1,1,1,0,1,7840,7840,1,1,1,0
aes/sbox_8.wcnf.gz,0,1,201533,905.68,1517,170,191.29,65280,1,1,1,0,1,136253,136253,1,1,1,0
aes/mul_8_14.wcnf.gz,0,1,79580,78.31,93,60,3.9,65280,1,1,1,0,1,14300,14300,1,1,1,0
MaximumCommonSub-GraphExtraction/solved/g3_n52e77_n57e74_n58e75.wcnf.gz,0.973247961,0,45209,2.53,17,2,0.78,45132,1,1,1,0,1,77,1500,1,1,1,0
MaximumCommonSub-GraphExtraction/solved/g6_n14e13_n14e21_n14e13_n14e13_n14e20_n18e28.wcnf.gz,0.925663562,0,10968,2.09,17,2,0.92,10955,1,1,1,0,1,13,851,1,1,1,0
MaximumCommonSub-GraphExtraction/solved/g4_n24e34_n47e56_n92e122_n98e129.wcnf.gz,0.988121478,0,124861,2.69,37,1,0.8,124827,1,1,1,0,1,34,1984,1,1,1,0
MaximumCommonSub-GraphExtraction/solved/g2_n68e88_n77e106.wcnf.gz,0.982213507,0,69039,2.53,29,1,0.82,68951,1,1,1,0,1,88,1531,1,1,1,0
MaximumCommonSub-GraphExtraction/solved/g8_n39e38_n43e43_n58e57_n67e69_n67e68_n67e69_n67e68_n82e119.wcnf.gz,0.984881658,0,412998,2.5,44,1,0.89,412960,1,1,1,0,1,38,7790,1,1,1,0
MaximumCommonSub-GraphExtraction/solved/g2_n38e52_n41e47.wcnf.gz,0.967655843,0,12236,2.58,14,1,0.73,12184,1,1,1,0,1,52,495,1,1,1,0
MaximumCommonSub-GraphExtraction/solved/g3_n43e49_n72e77_n81e85.wcnf.gz,0.983213198,0,97188,2.56,38,2,0.88,97139,1,1,1,0,1,49,2083,1,1,1,0
MaximumCommonSub-GraphExtraction/solved/g2_n35e34_n70e73.wcnf.gz,0.9769429,0,26359,2.52,24,2,0.84,26325,1,1,1,0,1,34,766,1,1,1,0
MaximumCommonSub-GraphExtraction/solved/g6_n39e38_n43e43_n61e61_n67e69_n67e68_n82e119.wcnf.gz,0.985010375,0,297126,2.5,44,1,0.89,297088,1,1,1,0,1,38,5567,1,1,1,0
MaximumCommonSub-GraphExtraction/solved/g4_n58e71_n61e85_n100e127_n104e131.wcnf.gz,0.986761757,0,253944,2.6,41,1,0.84,253873,1,1,1,0,1,71,4351,1,1,1,0
MaximumCommonSub-GraphExtraction/solved/g3_n43e49_n45e51_n47e60.wcnf.gz,0.96835292,0,26461,2.54,18,1,0.79,26412,1,1,1,0,1,49,1055,1,1,1,0
MaximumCommonSub-GraphExtraction/solved/g5_n24e23_n28e29_n32e33_n32e33_n38e39.wcnf.gz,0.983681828,0,122874,2.51,33,2,0.85,122851,1,1,1,0,1,23,2519,1,1,1,0
MaximumCommonSub-GraphExtraction/solved/g2_n44e59_n74e84.wcnf.gz,0.977670687,0,31212,2.54,30,1,0.86,31153,1,1,1,0,1,59,870,1,1,1,0
MaximumCommonSub-GraphExtraction/solved/g2_n44e43_n57e61.wcnf.gz,0.97918905,0,50394,2.35,44,2,1,50351,1,1,1,0,1,43,1231,1,1,1,0
MaximumCommonSub-GraphExtraction/solved/g10_n13e12_n13e12_n14e13_n14e13_n14e13_n14e13_n14e13_n15e13_n15e14_n15e14.wcnf.gz,0.922318026,0,17821,2.08,15,2,0.94,17809,1,1,1,0,1,12,1438,1,1,1,0